Model,CV Mean Balanced Accuracy,CV Std Dev
RandomForest,0.9671150539613234,0.0006570837065409743
SGD,0.5984585610426445,0.042832257707790325
XGBoost,0.9037134642904668,0.007727986180845655
