{
  "RandomForest": {
    "accuracy": 0.9349468041906928,
    "balanced_accuracy": 0.7888286884081004,
    "classification_report": {
      "0": {
        "precision": 0.9863070539419088,
        "recall": 0.9718900132883573,
        "f1-score": 0.9790454615661844,
        "support": 19566.0
      },
      "1": {
        "precision": 0.014814814814814815,
        "recall": 0.4,
        "f1-score": 0.02857142857142857,
        "support": 10.0
      },
      "2": {
        "precision": 0.8887011825499354,
        "recall": 0.905620253164557,
        "f1-score": 0.8970809509479386,
        "support": 9875.0
      },
      "3": {
        "precision": 0.8972153972153972,
        "recall": 0.8778044871794872,
        "f1-score": 0.8874038072093965,
        "support": 7488.0
      },
      "accuracy": 0.9349468041906928,
      "macro avg": {
        "precision": 0.6967596121305141,
        "recall": 0.7888286884081004,
        "f1-score": 0.698025412073737,
        "support": 36939.0
      },
      "weighted avg": {
        "precision": 0.9418908210185722,
        "recall": 0.9349468041906928,
        "f1-score": 0.9382994481248689,
        "support": 36939.0
      }
    }
  },
  "SGD": {
    "accuracy": 0.4370177860797531,
    "balanced_accuracy": 0.5717546588284419,
    "classification_report": {
      "0": {
        "precision": 0.7786174083403302,
        "recall": 0.14218542369416334,
        "f1-score": 0.2404598297247072,
        "support": 19566.0
      },
      "1": {
        "precision": 0.0006321112515802782,
        "recall": 0.6,
        "f1-score": 0.0012628920227320563,
        "support": 10.0
      },
      "2": {
        "precision": 0.6811607554122524,
        "recall": 0.7487594936708861,
        "f1-score": 0.7133622768933913,
        "support": 9875.0
      },
      "3": {
        "precision": 0.4578692679929334,
        "recall": 0.796073717948718,
        "f1-score": 0.5813624615984786,
        "support": 7488.0
      },
      "accuracy": 0.4370177860797531,
      "macro avg": {
        "precision": 0.4795698857492741,
        "recall": 0.5717546588284419,
        "f1-score": 0.3841118650598273,
        "support": 36939.0
      },
      "weighted avg": {
        "precision": 0.6873337684053845,
        "recall": 0.4370177860797531,
        "f1-score": 0.4359225819346894,
        "support": 36939.0
      }
    }
  },
  "XGBoost": {
    "accuracy": 0.941119142369853,
    "balanced_accuracy": 0.7941495870908699,
    "classification_report": {
      "0": {
        "precision": 0.9893956015253618,
        "recall": 0.9680057242154758,
        "f1-score": 0.9785837918830246,
        "support": 19566.0
      },
      "1": {
        "precision": 0.013377926421404682,
        "recall": 0.4,
        "f1-score": 0.025889967637540454,
        "support": 10.0
      },
      "2": {
        "precision": 0.8737710999814505,
        "recall": 0.9540253164556962,
        "f1-score": 0.9121363218279518,
        "support": 9875.0
      },
      "3": {
        "precision": 0.9529411764705882,
        "recall": 0.8545673076923077,
        "f1-score": 0.9010772372034077,
        "support": 7488.0
      },
      "accuracy": 0.941119142369853,
      "macro avg": {
        "precision": 0.7073714510997013,
        "recall": 0.7941495870908699,
        "f1-score": 0.7044218296379812,
        "support": 36939.0
      },
      "weighted avg": {
        "precision": 0.9508314047602272,
        "recall": 0.941119142369853,
        "f1-score": 0.9448507512896878,
        "support": 36939.0
      }
    }
  }
}