{
  "RandomForest": {
    "scores": [
      0.967311887025122,
      0.9681042643116258,
      0.9660598617637035,
      0.9669508279975338,
      0.967148428708632
    ],
    "mean": 0.9671150539613234,
    "std": 0.0006570837065409743
  },
  "SGD": {
    "scores": [
      0.5180754357003138,
      0.607310123341156,
      0.6377600573414012,
      0.6314439573972037,
      0.5977032314331476
    ],
    "mean": 0.5984585610426445,
    "std": 0.042832257707790325
  },
  "XGBoost": {
    "scores": [
      0.8981323372013896,
      0.9096747533435615,
      0.8941166533116719,
      0.9013450125077557,
      0.9152985650879559
    ],
    "mean": 0.9037134642904668,
    "std": 0.007727986180845655
  }
}