{
  "RandomForest": {
    "accuracy": 0.9211944015809849,
    "balanced_accuracy": 0.7760738939844927,
    "classification_report": {
      "BENIGN": {
        "precision": 0.973209659032024,
        "recall": 0.9598793826024736,
        "f1-score": 0.9664985590778098,
        "support": 19566.0
      },
      "HTTP": {
        "precision": 0.014925373134328358,
        "recall": 0.4,
        "f1-score": 0.02877697841726619,
        "support": 10.0
      },
      "SYN": {
        "precision": 0.8788233002142997,
        "recall": 0.913620253164557,
        "f1-score": 0.8958840176753885,
        "support": 9875.0
      },
      "UDP": {
        "precision": 0.8753341775714085,
        "recall": 0.8307959401709402,
        "f1-score": 0.8524837273038712,
        "support": 7488.0
      }
    }
  },
  "SVM": {
    "accuracy": 0.00027071658680527354,
    "balanced_accuracy": 0.25,
    "classification_report": {
      "BENIGN": {
        "precision": 0.0,
        "recall": 0.0,
        "f1-score": 0.0,
        "support": 19566.0
      },
      "HTTP": {
        "precision": 0.00027071658680527354,
        "recall": 1.0,
        "f1-score": 0.0005412866383393325,
        "support": 10.0
      },
      "SYN": {
        "precision": 0.0,
        "recall": 0.0,
        "f1-score": 0.0,
        "support": 9875.0
      },
      "UDP": {
        "precision": 0.0,
        "recall": 0.0,
        "f1-score": 0.0,
        "support": 7488.0
      }
    }
  },
  "XGBoost": {
    "accuracy": 0.8916592219605295,
    "balanced_accuracy": 0.7273530931616516,
    "classification_report": {
      "BENIGN": {
        "precision": 0.9377867120251533,
        "recall": 0.9298783604211387,
        "f1-score": 0.9338157928503605,
        "support": 19566.0
      },
      "HTTP": {
        "precision": 0.007317073170731708,
        "recall": 0.3,
        "f1-score": 0.014285714285714285,
        "support": 10.0
      },
      "SYN": {
        "precision": 0.8262715775870026,
        "recall": 0.9064303797468355,
        "f1-score": 0.864496812825961,
        "support": 9875.0
      },
      "UDP": {
        "precision": 0.9196187450357427,
        "recall": 0.7731036324786325,
        "f1-score": 0.8400203148806501,
        "support": 7488.0
      }
    }
  }
}