SYN_Per_Second,UDP_Rate_Anomaly,HTTP_Request_Rate,Fwd Packets/s,Total Fwd Packets,True,Predicted,Confidence
0.3529411764705882,3.333368305922476e-08,4.8916499535293254e-05,0.13333333088353183,0.0,BENIGN,SYN,0.4226096862618403
0.3529411764705882,3.333368305922476e-08,4.8916499535293254e-05,0.13333333088353183,0.0,BENIGN,SYN,0.4226096862618403
0.3529411764705882,3.333368305922476e-08,4.8916499535293254e-05,0.13333333088353183,0.0,BENIGN,SYN,0.4226096862618403
0.3529411764705882,3.333368305922476e-08,4.8916499535293254e-05,0.13333333088353183,0.0,BENIGN,SYN,0.4226096862618403
0.3529411764705882,3.333368305922476e-08,4.8916499535293254e-05,0.13333333088353183,0.0,BENIGN,SYN,0.4226096862618403
